-- +---------------------------------------------------------
-- | MODEL       : lbDMF
-- | AUTHOR      :
-- | GENERATED BY: Data Architect
-- +---------------------------------------------------------

--USE jedi;

CREATE TABLE column_types
(
  id SERIAL,
  name char(30) NOT NULL,
  tablename char(30) NOT NULL,
  ro BOOL DEFAULT false,
  specialColumn BOOL DEFAULT false,
  controlType char(30) DEFAULT ''
);

insert into column_types (name, tablename, ro) values('kundennr', 'kunden', TRUE);
insert into column_types (name, tablename, ro) values('id', 'chart', TRUE);

-- +---------------------------------------------------------
-- | TABLE: Actions
-- | This defines custom actions for an application. These
-- | actions may be displayed in formulars as buttons or later
-- | as detail views in a tab view manner.
-- +---------------------------------------------------------

CREATE TABLE actions
(
  id SERIAL,
  name char(50) NOT NULL,
  typ  INTEGER,
  source char(100),
  target INTEGER,
  PRIMARY KEY (id)
);

-- +---------------------------------------------------------
-- | TABLE: action_types
-- | This table defines general action types, that could be
-- | used for actions. This may be 'button press'
-- | 
-- +---------------------------------------------------------

CREATE TABLE action_types
(
  id SERIAL,
  bezeichnung char(100),
  action_handler char(100),	-- the functor with the implementation of the handler
  module	 char(100),	-- the module with the implementation of the handler
  PRIMARY KEY (id)
);

ALTER TABLE actions
ADD CONSTRAINT cst_action_types_TypID FOREIGN KEY ( typ )
   REFERENCES action_types ( id );


-- +------------------------------------------------------------
-- | TABLE: action_steps
-- | 
-- | The target of an action may be more than one 'action'.
-- | It may be an action to open a form, or execute a SQL query.
-- +------------------------------------------------------------

CREATE TABLE action_steps
(
  id 		SERIAL,
  actionid	INTEGER,
  bezeichnung	char(100),
  a_order_nr	INTEGER,
  type		INTEGER, -- May be NULL for the first target
  what		char(100),
  PRIMARY KEY (id)
);

ALTER TABLE action_steps
ADD CONSTRAINT cst_action_target_ActionID FOREIGN KEY ( actionid )
   REFERENCES actions ( id );

ALTER TABLE action_steps
ADD CONSTRAINT cst_action_target_TypeID FOREIGN KEY ( type )
   REFERENCES action_types ( id );



-- +---------------------------------------------------------
-- | TABLE: formular_actions
-- | 
-- | This table defines, what actions should be accessible in
-- | a form. The application should begin reading this table
-- | to build its action elements.
-- +---------------------------------------------------------


CREATE TABLE formular_actions
(
  id 		SERIAL,
  formular	INTEGER,
  action	INTEGER,
  event		char(100),
  PRIMARY KEY (id)
);

insert into action_types (bezeichnung) values('Buttonpress'); -- Built in handler

-- Configure predefined action types, that could be used inside a form

insert into action_types (bezeichnung, action_handler, module) values(
'SQL query',
'instanceOflbSQLQueryAction',
'lbDatabaseForm');

insert into action_types (bezeichnung, action_handler, module) values(
'Open form',
'instanceOflbFormAction',
'lbDatabaseForm');

insert into action_types (bezeichnung, action_handler, module) values(
'Open detail form',
'instanceOflbDetailFormAction',
'lbDatabaseForm');

insert into actions (name, typ, source, target) values(
'Reserve a trip',
1,
'kundennr',
1);

insert into actions (name, typ, source, target) values(
'Remove a reserved trip',
1,
'kundennr',
2);

insert into action_steps (bezeichnung, a_order_nr, what, type, actionid) values(
'Add a new empty trip',
1,
'insert,TargetTable:Reservierungen,Relation:KundenID',
2, 1);

insert into action_steps (bezeichnung, a_order_nr, what, type, actionid) values(
'Customer want to reserve a trip',
2,
'DynReservierungen',
4, 1);

insert into action_steps (bezeichnung, a_order_nr, what, type, actionid) values(
'some test action',
1,
'DynReservierungen',
4, 2);


insert into formular_actions (formular, action, event) values(1, 1, 'evt_Reserve_Customer_Trip');
insert into formular_actions (formular, action, event) values(1, 2, 'evt_Some_Test_Action');
insert into formular_actions (formular, action, event) values(5, 1, 'evt_Reserve_Customer_Trip');
insert into formular_actions (formular, action, event) values(5, 2, 'evt_Some_Test_Action');

-- +---------------------------------------------------------
-- | TABLE: Translations
-- +---------------------------------------------------------


CREATE TABLE translations
(
  id SERIAL,
  text VARCHAR(100),
  translated VARCHAR(100),
  language CHAR(30) default 'german',
  PRIMARY KEY (id)
);

-- +---------------------------------------------------------
-- | TABLE: CodegenTarget
-- +---------------------------------------------------------

CREATE TABLE CodegenTarget
(
  id SERIAL,
  Name VARCHAR(100),
  Titel VARCHAR(100),
  ModuleName VARCHAR(100),
  Functor VARCHAR(100),
  Interface VARCHAR(100),
  PRIMARY KEY (id)
);

CREATE UNIQUE INDEX pk_id_CodegenTarget ON CodegenTarget
(
  id
);

-- +---------------------------------------------------------
-- | TABLE: Anwendungen
-- +---------------------------------------------------------


CREATE TABLE Anwendungen
(
  id SERIAL,
  Name VARCHAR(100),
  Titel VARCHAR(100),
  ModuleName VARCHAR(100),
  Functor VARCHAR(100),
  Interface VARCHAR(100),
  PRIMARY KEY (id)
);

CREATE UNIQUE INDEX pk_id_Anwendungen ON Anwendungen
(
  id
);

-- +---------------------------------------------------------
-- | TABLE: Anwendungs_Parameter
-- +---------------------------------------------------------

CREATE TABLE Anwendungs_Parameter
(
  id SERIAL,
  ParameterName VARCHAR(30),
  ParameterValue VARCHAR(255),
  AnwendungID INTEGER,
  PRIMARY KEY (id)
);

CREATE UNIQUE INDEX pk_id_Anwendungs_Parameter ON Anwendungs_Parameter
(
  id
);

-- +---------------------------------------------------------
-- | TABLE: Formulare
-- +---------------------------------------------------------
CREATE TABLE Formulare
(
  id SERIAL,
  Name VARCHAR(30),
  MenuName VARCHAR(30),
  EventName VARCHAR(30),
  MenuHilfe VARCHAR(100),
  AnwendungID INTEGER,
  Typ INTEGER NOT NULL,
  PRIMARY KEY (id)
);

CREATE UNIQUE INDEX pk_id_Formulare ON Formulare
(
  id
);

-- +---------------------------------------------------------
-- | TABLE: Formular_Parameters
-- +---------------------------------------------------------
CREATE TABLE Formular_Parameters
(
  id SERIAL,
  ParameterName VARCHAR(30),
  ParameterValue VARCHAR(255),
  FormularID INTEGER,
  PRIMARY KEY (id)
);

CREATE UNIQUE INDEX pk_id_Formular_Parameters ON Formular_Parameters
(
  id
);

-- +---------------------------------------------------------
-- | TABLE: ForeignKey_VisibleData_Mapping
-- +---------------------------------------------------------

CREATE TABLE ForeignKey_VisibleData_Mapping
(
  id SERIAL,
  FKName	VARCHAR(100),
  FKTable	VARCHAR(100),
  PKName	VARCHAR(100),
  PKTable	VARCHAR(100),
  PRIMARY KEY (id)
);

CREATE UNIQUE INDEX pk_id_ForeignKey_VisibleData_Mapping ON ForeignKey_VisibleData_Mapping
(
  id
);

-- +---------------------------------------------------------
-- | TABLE: Anwendungen_Formulare
-- +---------------------------------------------------------
CREATE TABLE Anwendungen_Formulare
(
  id SERIAL,
  AnwendungID INTEGER NOT NULL,
  FormularID INTEGER NOT NULL,
  PRIMARY KEY (id)
);

-- +---------------------------------------------------------
-- | TABLE: Anwendungsberechtigungen
-- +---------------------------------------------------------
CREATE TABLE Anwendungsberechtigungen
(
  id SERIAL,
  idUser INTEGER,
  idFormular INTEGER,
  PRIMARY KEY (id)
);

CREATE UNIQUE INDEX pk_id_Anwendungsberechtigungen ON Anwendungsberechtigungen
(
  id
);

-- +---------------------------------------------------------
-- | TABLE: Formulartypen
-- +---------------------------------------------------------
CREATE TABLE Formulartypen
(
  id SERIAL,
  HandlerModule VARCHAR(30),
  HandlerFunctor VARCHAR(100),
  HandlerInterface VARCHAR(100),
  Beschreibung VARCHAR(254),
  PRIMARY KEY (id)
);

CREATE UNIQUE INDEX pk_id_Formulartypen ON Formulartypen
(
  id
);

-- +---------------------------------------------------------
-- | TABLE: User
-- +---------------------------------------------------------
CREATE TABLE Users
(
  id SERIAL,
  Name VARCHAR(30),
  Vorname VARCHAR(30),
  userid VARCHAR(30),
  passwort VARCHAR(30),
  lastapp INTEGER,
  PRIMARY KEY (id)
);

CREATE UNIQUE INDEX pk_id ON Users
(
  id
);

-- +---------------------------------------------------------
-- | TABLE: User_Anwendungen
-- +---------------------------------------------------------
CREATE TABLE User_Anwendungen
(
  id SERIAL,
  userid INTEGER NOT NULL,
  AnwendungenId INTEGER NOT NULL,
  PRIMARY KEY (id)
);

CREATE UNIQUE INDEX pk_id_User_Anwendungen ON User_Anwendungen
(
  id
);

-- +---------------------------------------------------------
-- | FOREIGN KEYS
-- +---------------------------------------------------------

ALTER TABLE Anwendungen_Formulare 
ADD CONSTRAINT cst_Anwendungen_Formulare_AnwendungID FOREIGN KEY ( AnwendungID )
   REFERENCES Anwendungen ( id );
ALTER TABLE Anwendungen_Formulare 
ADD CONSTRAINT cst_Anwendungen_Formulare_FormularID FOREIGN KEY ( FormularID )
   REFERENCES Formulare ( id );
ALTER TABLE Anwendungsberechtigungen 
ADD CONSTRAINT cst_Anwendungsberechtigungen_idFormular FOREIGN KEY ( idFormular )
   REFERENCES Formulare ( id );
ALTER TABLE Anwendungsberechtigungen 
ADD CONSTRAINT cst_Anwendungsberechtigungen_idUser FOREIGN KEY ( idUser )
   REFERENCES Users ( id );
ALTER TABLE Formulare 
ADD CONSTRAINT cst_Formulare_Typ FOREIGN KEY ( Typ )
   REFERENCES Formulartypen ( id );
ALTER TABLE Formulare 
ADD CONSTRAINT cst_Formulare_AnwendungID FOREIGN KEY ( AnwendungID )
   REFERENCES Anwendungen ( id );
ALTER TABLE User_Anwendungen 
ADD CONSTRAINT cst_User_Anwendungen_userid FOREIGN KEY ( userid )
   REFERENCES Users ( id );

ALTER TABLE Users
ADD CONSTRAINT cst_Users_lastapp FOREIGN KEY ( lastapp )
   REFERENCES Anwendungen ( id );

ALTER TABLE User_Anwendungen 
ADD CONSTRAINT cst_User_Anwendungen_AnwendungenId FOREIGN KEY ( AnwendungenId )
   REFERENCES Anwendungen ( id );
ALTER TABLE Formular_Parameters
ADD CONSTRAINT cst_Formular_Parameters_FormularID FOREIGN KEY ( FormularID )
   REFERENCES Formulare (id );

-- +---------------------------------------------------------
-- | DATA
-- +---------------------------------------------------------

insert into Users Values (1, 'User', 'Test', 'user', 'TestUser');

insert into Anwendungen Values (
1,
'lbDMF Manager',
'Dynamic App Manager',
'lbDynApp',
'instanceOfApplication',
'lb_I_Application');

insert into Anwendungen Values (
2,
'Demo application',
'Demonstration',
'Application',
'instanceOfApplication',
'lb_I_Application');

insert into Anwendungen Values (
3,
'FRS',
'Fahrkarten Reservierungssystem',
'lbDynApp',
'instanceOfApplication',
'lb_I_Application');

insert into Anwendungen Values (
4,
'lbDMF Codegenerator',
'Generiert Code von lbDMF Daten',
'lbDMFAppWriter',
'instanceOfApplication',
'lb_I_Application');

insert into Anwendungen Values (
5,
'SQL Ledger',
'Warenwirtschafts System',
'lbDynApp',
'instanceOfApplication',
'lb_I_Application');

insert into Formulartypen Values (
1,
'-',
'-',
'lb_I_DatabaseForm',
'Dynamisch aufgebautes Datenbankformular');

insert into Formulartypen Values (
2,
'lbTrainresBaseForms',
'lbKunden',
'lb_I_FixWiredForm',
'Fest verdrahtetes Formular');

insert into Formulare Values (
1, 
'Benutzer', 
'Benutzer verwalten', 
'manageUser', 
'Verwaltung der Benutzer in lbDMF',
1 , 1);

insert into Formulare Values (
2, 
'Formulare', 
'Formulare verwalten', 
'manageFormulars', 
'Verwaltung der Formulare in lbDMF',
1, 1);

insert into Formulare Values (
7, 
'Formular_Parameter',
'Formularparameter verwalten', 
'manageFormularparameters', 
'Verwaltung der Formularparameter in lbDMF',
1, 1);

insert into Formulare Values (
8, 
'Benutzer -> Anwendungen', 
'Anwendungen Benutzern zuordnen', 
'manageAppsUsers', 
'Verwaltung der Zuordnung von Benutzern zu Anwendungen',
1, 1);

insert into Formulare Values (
3, 
'Kunden', 
'Kunden verwalten',
'manageCustomers', 
'Bietet Verwaltungsmöglichkeiten für Kunden',
2 , 1);

insert into Formulare Values (
4, 
'Reservierungen', 
'Reservierungen verwalten', 
'manageReservations', 
'Bietet Verwaltungsmöglichkeiten für Reservierungen von Fahrkarten',
2, 1);

insert into Formulare Values (
5, 
'DynKunden', 
'Kunden verwalten', 
'manageCustomers', 
'Bietet Verwaltungsmöglichkeiten für Kunden',
3, 1);

insert into Formulare Values (
6, 
'DynReservierungen', 
'Reservierungen verwalten', 
'manageReservations', 
'Bietet Verwaltungsmöglichkeiten für Reservierungen von Fahrkarten',
3, 1);

insert into Formulare Values (
9,
'Benutzer',
'Benutzer verwalten',
'manageUser',
'Verwaltung der Benutzer in lbDMF',
4, 1);

insert into Formulare Values (
10,
'Formulare',
'Formulare verwalten',
'manageFormulars',
'Verwaltung der Formulare in lbDMF',
4, 1);

insert into Formulare Values (
11,
'Formular_Parameter',
'Formularparameter verwalten',
'manageFormularparameters',
'Verwaltung der Formularparameter in lbDMF',
4, 1);

insert into Formulare Values (
12,
'Benutzer -> Anwendungen',
'Anwendungen Benutzern zuordnen',
'manageAppsUsers',
'Verwaltung der Zuordnung von Benutzern zu Anwendungen',
4, 1);

insert into Formulare Values (
13,
'Kunden',
'Kunden verwalten',
'manageCustomers',
'Bietet Verwaltungsmöglichkeiten für Kunden',
2, 1);

insert into Formulare Values (
14,
'Reservierungen',
'Reservierungen verwalten',
'manageReservations',
'Bietet Verwaltungsmöglichkeiten für Reservierungen von Fahrkarten',
4, 1);

insert into Formulare Values (
15,
'DynKunden',
'Kunden verwalten',
'manageDynCustomers',
'Bietet Verwaltungsmöglichkeiten für Kunden',
3, 1);

insert into Formulare Values (
16,
'DynReservierungen',
'Reservierungen verwalten',
'manageDynReservierungen',
'Bietet Verwaltungsmöglichkeiten für Reservierungen von Fahrkarten',
4, 1);

insert into Formulare Values (
17,
'Formulare -> Anwendung',
'Formulare Anwendungen zuordnen',
'manageFormularsToApps',
'Einrichtung der Formulare zu Anwendungen',
1, 1);

insert into Formulare Values (
18,
'Sachkonten',
'Sachkontenverwaltung',
'manageGeneralLedger',
'-',
5 , 1);

insert into Formulare Values (
19,
'Anwendungen',
'Anwendungen',
'manageAnwendungen',
'-',
1 , 1);

insert into Formulare Values (
20,
'Anwendungen -> Formulare',
'Anwendungen -> Formulare',
'manageAnwendungenFormulare',
'-',
1 , 1);

insert into ForeignKey_VisibleData_Mapping (FKName, FKTable, PKName, PKTable) Values (
'anwendungid',
'formulare',
'name',
'anwendungen');

insert into ForeignKey_VisibleData_Mapping (FKName, FKTable, PKName, PKTable) Values (
'typ',
'formulare',
'beschreibung',
'formulartypen');

insert into ForeignKey_VisibleData_Mapping (FKName, FKTable, PKName, PKTable) Values (
'formularid',
'formular_parameters',
'name',
'formulare');

insert into ForeignKey_VisibleData_Mapping (FKName, FKTable, PKName, PKTable) Values (
'anwendungid',
'anwendungs_parameter',
'name',
'anwendungen');

insert into ForeignKey_VisibleData_Mapping (FKName, FKTable, PKName, PKTable) Values (
'userid',
'user_anwendungen',
'userid',
'users');

insert into ForeignKey_VisibleData_Mapping (FKName, FKTable, PKName, PKTable) Values (
'anwendungenid',
'user_anwendungen',
'name',
'anwendungen');


insert into Formular_Parameters Values (
1,
'query',
'select "kundennr", "name", "vorname", "ort", "plz", "strasse", "vorwahl", "telefon" from kunden order by kundennr',
5);

insert into Formular_Parameters Values (
2,
'query',
'select "name", "vorname", "erwachsene", "kinder" from reservierungen inner join kunden on reservierungen.kundenid = kunden.id',
6);

insert into Formular_Parameters Values (
3,
'query',
'select "name", "vorname", "userid", "passwort" from "users"',
1);

insert into Formular_Parameters Values (
4,
'query',
'select "name", "menuname", "eventname", "menuhilfe", "anwendungid", "typ" from "formulare"',
2);

insert into Formular_Parameters Values (
5,
'query',
'select "parametername", "parametervalue", "formularid" from "formular_parameters"',
7);

insert into Formular_Parameters Values (
6,
'query',
'select "userid", "anwendungenid" from "user_anwendungen"',
8);

insert into Formular_Parameters Values (
7,
'query',
'select anwendungid, formularid from "anwendungen_formulare"',
17);

insert into Formular_Parameters Values (
8,
'query',
'select * from chart order by id',
18);

insert into Formular_Parameters Values (
9,
'query',
'select name, titel, modulename, functor, interface from anwendungen order by id',
19);

insert into Formular_Parameters Values (
10,
'query',
'select anwendungid, formularid from anwendungen_formulare order by id',
20);



insert into Anwendungs_Parameter Values (1, 'DBName', 'trainres', 3);
insert into Anwendungs_Parameter Values (2, 'DBUser', 'dba', 3);
insert into Anwendungs_Parameter Values (3, 'DBPass', 'trainres', 3);
insert into Anwendungs_Parameter Values (4, 'DBName', 'lbDMF', 1);
insert into Anwendungs_Parameter Values (5, 'DBUser', 'dba', 1);
insert into Anwendungs_Parameter Values (6, 'DBPass', 'trainres', 1);
insert into Anwendungs_Parameter Values (7, 'DBName', 'lbDMF', 4);
insert into Anwendungs_Parameter Values (8, 'DBUser', 'dba', 4);
insert into Anwendungs_Parameter Values (9, 'DBPass', 'trainres', 4);
insert into Anwendungs_Parameter Values (10, 'DBName', 'sql-ledger', 5);
insert into Anwendungs_Parameter Values (11, 'DBUser', 'dba', 5);
insert into Anwendungs_Parameter Values (12, 'DBPass', 'trainres', 5);

insert into Anwendungen_Formulare Values (1, 1, 1);
insert into Anwendungen_Formulare Values (2, 1, 2);
insert into Anwendungen_Formulare Values (3, 1, 7);
insert into Anwendungen_Formulare Values (4, 1, 8);

insert into Anwendungen_Formulare Values (6, 2, 1);
insert into Anwendungen_Formulare Values (7, 2, 2);

insert into Anwendungen_Formulare Values (8, 3, 5);
insert into Anwendungen_Formulare Values (9, 3, 6);

insert into Anwendungen_Formulare Values (10, 4, 9);
insert into Anwendungen_Formulare Values (12, 4, 10);
insert into Anwendungen_Formulare Values (13, 4, 11);
insert into Anwendungen_Formulare Values (14, 4, 12);
insert into Anwendungen_Formulare Values (15, 4, 13);
insert into Anwendungen_Formulare Values (16, 4, 14);
insert into Anwendungen_Formulare Values (17, 4, 15);
insert into Anwendungen_Formulare Values (18, 4, 16);

insert into Anwendungen_Formulare Values (19, 5, 18);

insert into Anwendungen_Formulare Values (20, 1, 19);
insert into Anwendungen_Formulare Values (21, 1, 20);

insert into User_Anwendungen Values (1, 1, 1);
insert into User_Anwendungen Values (2, 1, 2);
insert into User_Anwendungen Values (3, 1, 3);
insert into User_Anwendungen Values (4, 1, 4);
insert into User_Anwendungen Values (5, 1, 5);


-- +----------------------------------------
-- | Setup for the codgeneration Target
-- +----------------------------------------

insert into CodegenTarget 
Values (
1, 
'lbDMFAppwriter', 
'Create an application module for lbDMF Framework', 
'ModullbDMFAppgen',
'instanceOflbDMFAppwriter',
'lb_I_CodeGenerator'
);
